{"arch_packages":"mipsel_24kc","default_packages":["-procd-ujail","base-files","block-mount","busybox","ca-bundle","ca-certificates","coremark","curl","ddns-scripts_aliyun","ddns-scripts_dnspod","default-settings","dnsmasq-full","dropbear","firewall","fstools","ip-full","ipset","iptables","iptables-mod-extra","iptables-mod-tproxy","kmod-gpio-button-hotplug","kmod-ipt-raw","kmod-leds-gpio","kmod-mtk-hnat","kmod-nf-nathelper","kmod-nf-nathelper-extra","kmod-tun","libc","libgcc","libustream-openssl","logd","luci","luci-app-accesscontrol","luci-app-arpbind","luci-app-autoreboot","luci-app-ddns","luci-app-filetransfer","luci-app-nlbwmon","luci-app-ssr-plus","luci-app-turboacc","luci-app-upnp","luci-app-vlmcsd","luci-app-vsftpd","luci-app-wol","luci-proto-ipv6","mtd","netifd","odhcp6c","odhcpd-ipv6only","opkg","ppp","ppp-mod-pppoe","procd","procd-seccomp","procd-ujail","swconfig","uci","uclient-fetch","urandom-seed","urngd","wpad-openssl"],"metadata_version":1,"profiles":{"xiaomi_mi-router-4a-gigabit-v2":{"device_packages":["kmod-mt7603","kmod-mt7615e","kmod-mt7663-firmware-ap"],"image_prefix":"openwrt-ramips-mt7621-xiaomi_mi-router-4a-gigabit-v2","images":[{"filesystem":"squashfs","name":"openwrt-ramips-mt7621-xiaomi_mi-router-4a-gigabit-v2-squashfs-sysupgrade.bin","sha256":"45291bf8fabdc6a6179c783f5f7bf1670f71e24861148b29926bef6f70c94a96","sha256_unsigned":"bc69bf22a5b13394a4bb84552ad966a2a97b7df00def525fc24632ee4e09a286","type":"sysupgrade"},{"filesystem":"initramfs","name":"openwrt-ramips-mt7621-xiaomi_mi-router-4a-gigabit-v2-initramfs-kernel.bin","sha256":"d3e1a9c567374be8b43efa08dddd04c5c49f7aab8c0d312e4f9f685e37268f92","sha256_unsigned":"d3e1a9c567374be8b43efa08dddd04c5c49f7aab8c0d312e4f9f685e37268f92","type":"kernel"}],"supported_devices":["xiaomi,mi-router-4a-gigabit-v2"],"titles":[{"model":"Mi Router 4A","variant":"Gigabit Edition V2","vendor":"Xiaomi"}]}},"source_date_epoch":1729525112,"target":"ramips/mt7621","version_code":"r6944-2d1c8ab73","version_number":"SNAPSHOT"}