{"arch_packages":"mipsel_24kc","default_packages":["base-files","busybox","ca-bundle","dnsmasq","dropbear","firewall4","fstools","kmod-gpio-button-hotplug","kmod-leds-gpio","kmod-nft-offload","libc","libgcc","libustream-mbedtls","logd","mtd","netifd","nftables","odhcp6c","odhcpd-ipv6only","opkg","ppp","ppp-mod-pppoe","procd","procd-seccomp","procd-ujail","uboot-envtools","uci","uclient-fetch","urandom-seed","urngd","wpad-basic-mbedtls"],"metadata_version":1,"profiles":{"xiaomi_mi-router-4a-gigabit-v2":{"device_packages":["kmod-mt7603","kmod-mt7615e","kmod-mt7663-firmware-ap","-uboot-envtools"],"image_prefix":"openwrt-ramips-mt7621-xiaomi_mi-router-4a-gigabit-v2","images":[{"filesystem":"squashfs","name":"openwrt-ramips-mt7621-xiaomi_mi-router-4a-gigabit-v2-squashfs-sysupgrade.bin","sha256":"0e57b89bdbb4a45df3fb8a75aeb099b91bad412f9e3ecd229fbf9241d420db24","sha256_unsigned":"875acfdb893edc729534514c30f1ab5e280c90123eab3a92d1e0e5d3819aa0e4","type":"sysupgrade"},{"filesystem":"initramfs","name":"openwrt-ramips-mt7621-xiaomi_mi-router-4a-gigabit-v2-initramfs-kernel.bin","sha256":"e33451d78ca176fc2645ab7283866f934bebbf619070133228d89550aae491f1","sha256_unsigned":"e33451d78ca176fc2645ab7283866f934bebbf619070133228d89550aae491f1","type":"kernel"}],"supported_devices":["xiaomi,mi-router-4a-gigabit-v2"],"titles":[{"model":"Mi Router 4A","variant":"Gigabit Edition v2","vendor":"Xiaomi"}]}},"source_date_epoch":1731711832,"target":"ramips/mt7621","version_code":"r24138-cd9998ef1b","version_number":"23.05-SNAPSHOT"}